{"timestamps": [1539200958.974845], "initial_reset_timestamp": 1539200948.983183, "episode_types": ["t"], "episode_lengths": [288], "episode_rewards": [71.95769161757057]}